Entry Name,Protein Sequence,Protein Names
A0A428E2B7_STRMT,MKFVGLVGSNYDQSYNRKLLEFIRRNFKFKFELEVLEIDEVPMFNQDEKWDESFQLRFLYNKITRADGVIIATPEHNHTISASLKSVLEWLSYEVHPFENKPVMIVGASYYDQGTSRAQVHLRKILDAPGVNAYTLPGNEFLLGKAKEAFDNNGNITNEGTVKFLETCLDNFVKYVGVVSKLKKPKPIEPEDLDCGKPIATTITEVDPDDPEWVEKVAAITGAVSGDTYVKLDHGILTVNQIDMFLKAMPFELTYADDNNQFLYYNNAHQDPDTMFAKRVPPQSGSRMSTVHNSLPPARMKNVEWVIGTLRNGNQEYVRTIVPGSPTGVINTHNYQAMYYPDGSYAGINEIVFNFQPWLDWYLKETGQRLVGGSGPFAPAAGGHGDADATSGASDSGDAGGHGGDADATSGASN,NADPH azoreductase (EC 1.7.1.6)
A0A0F2DLU3_STRMT,MKFVGLVGSNYDQSYNRKLLEFIRRHFKLKFELEVLEIDEVPMFNQDEKWDESFQLRLLYNRITRADGVIIATPEHNHTISASLKSVLEWLSYEVHPFENKPVMIVGASYYDQGTSRAQVHLRKILDAPGVNAYTLPGNEFLLGKAKEAFDVNGNITNEGTVNFLETCLDNFVKYVGVVSKLKKPKPIEPEDLYCTNSIATTIQGVDPDDPEWVEKAAELVGAVSGDTYVKLDHGILTVNQLDMFLKAMPFELTFADDNNQFLYFNNAHQDPDTMFGKRVRAQSGNRLGTVHGTLPDSRMKNVEWVVGVLRNGDQEYVRTIVPGTPEGVINTHNYQAMYYPDGSYAGINEIIFNFQPWLDWYLNTTGQRLVGGNAAAPAGGHGGADATSGASDAGDAGGHGGGADATSGASN,NADPH azoreductase (EC 1.7.1.6) (Oxidoreductase)
A0A165Z7G7_9HYPH,MKPKILVFSGSTRKGSYNKMLAKLVSKHLTHAKADVTTICLSDYPLPLYDGDLEENVGIPENVFKLRALIEAHHGIFIACPEYNSSITPLLKNTLDWISRIQLPDEEPLQVFQKSVYAVGGATPGVYGSMRGLLHLRTVLEMSLGCLVLPEMISINFAAKAFDENGDLTKAHHAKRMQKLVERFVKEASHVKLQDN,NADPH azoreductase (EC 1.7.1.6)
A0AAJ4ACF2_9GAMM,MNLQNLPNVDADLFETPTTGRVFSAPPSEHPARILLLYGSLRERSFSRLAVEEAARLLDAMGAETRIFNPRGLPLADAEDASHPKVQELRELVQWSEGMVWCSPERHGAMTGIMKTQIDWIPLSLGAVRPTQGKTLAVMQVCGGSQSFNAVNQLRVLGRWMRMLTIPNQSSVPKAFMEFDDNDRMKPSAYYDRIVDVMEELVKFTLLVRDRSDYLTDRYSERRESAEQLSKRVNQRSI,
A0A3R9LKL4_STROR,MSKKVLFIVGSLRQGSFNHQMALEAEKALAGKAEVSYLDYSAVPLFSQDLEVPTHPAVAAAREAVLAADAIWIFSPVYNFSIPGTVKNLLDWLSRALDLSDTRGASALQDKFVTVSSVANAGHDQLFAIYKDLLPFIRTQVVGEFTAARVNDSAWADGKLVLEEATSSSLAKQADDLLAAIN,FMN-dependent NADH-azoreductase
A0A0D1JY42_STAAU,MITVLFGGSRPNGNTAQLTKFALQDLEYQWIDVTQHQFKPIRDVRHTTETITSYDDDYLPILDKILASDTIIFASPVYWYSISAPLKAFIEHWSETLQDKRYPNFKAQMAEKDFRVILVGGDCPKIKAKPAITQMKYSLDFLGATLNGYIIGTAEKPGDIMKDNYALARATEWNSILQ,FMN-dependent NADPH-azoreductase (NADPH-dependent flavo-azoreductase) (NADPH-flavin azoreductase)
A0A2J9WZG4_STAHA,MITVLFGGSRPEGNTAQLTKLAVEGLDYKWIDLTDYQFNPVRDFRHDNRDITSYNDDYKQVIDQVLESDTVIFASPVYWYSVSASLKAFIDHWSETLIDNNYKDFKEKMAKKDFRLILVGGDCPKVKAKPGITQMKYTLDFIGAELNGYIIGTAERPGDISKDTFALERAKEWNETLA,
A0A3E2YFM9_9ACTN,MSTEPIRLALIIGSTREGRFGPTVARWFLNQAKQRDDFEVDVVDLAEHDLPTVITTQPTPEGGKALGEVMPRIEAADAFVIVTPEYNHSFPASLKNAIDWHSTQWHAKPVGFVSYGGLSGGLRAVEALRLVFAELHAATVRATVSFHGAWEQFGPDGEPIDPEGCNTAAKYMLDQLGWWATTLREGRERRPYVS,NADPH azoreductase (EC 1.7.1.6)
A0A0F7HPM4_9STAP,MVKIGIVTGSTRKARVNMQVAEWVKDFADKLDLDAEFEIVDIKEYDFPMFNEDLPPAMANKQYSTDAINAWSRKIDELDGYIFITPEYNKSVTASLKNAIDYIGPEWGNKSAGIVGYGSTLAVAATLSLRQILGNLNVATVAPFGAFSLFTDFENMSTFKPAEIHDATIENVVNTTVNWAKGLKTIR,FMN-dependent NADPH-azoreductase (NADPH-dependent flavo-azoreductase) (NADPH-flavin azoreductase)
AZOR_ECOLI,MSKVLVLKSSILAGYSQSNQLSDYFVEQWREKHSADEITVRDLAANPIPVLDGELVGALRPSDAPLTPRQQEALALSDELIAELKAHDVIVIAAPMYNFNISTQLKNYFDLVARAGVTFRYTENGPEGLVTGKKAIVITSRGGIHKDGPTDLVTPYLSTFLGFIGITDVKFVFAEGIAYGPEMAAKAQSDAKAAIDSIVSA,FMN-dependent NADH:quinone oxidoreductase (EC 1.6.5.-) (Azo-dye reductase) (FMN-dependent NADH-azo compound oxidoreductase) (FMN-dependent NADH-azoreductase) (EC 1.7.1.17)
AZOR1_PSEAE,MSRILAVHASPRGERSQSRRLAEVFLAAYREAHPQARVARREVGRVPLPAVTEAFVAAAFHPQPEQRSLAMQADLALSDQLVGELFDSDLLVISTPMYNFSVPSGLKAWIDQIVRLGVTFDFVLDNGVAQYRPLLRGKRALIVTSRGGHGFGPGGENQAMNHADPWLRTALGFIGIDEVTVVAAEGEESGGRSFEDSCDEAEQRLLALARSA,FMN-dependent NAD(P)H:quinone oxidoreductase 1 (EC 1.6.5.-) (Azo-dye reductase 1) (FMN-dependent NADH-azo compound oxidoreductase 1) (FMN-dependent NADH-azoreductase 1) (EC 1.7.1.17)
A0A0B0IKH9_9BACI,MTKVLYITAHPHDDTQSFSMAVGKAFIDTYKEVNPDHEVEAIDLYIEDIPHIDVDVFSGWGKLRSGQGFDQLSSDEKAKVGRLSELCEQFVSADKYIFVSPLWNFSFPPVLKAYIDSVAVAGKTFKYTEQGPVGLLTDKKALHIQARGGIYSEGPAAQMEMGHRYLSIIMQFFGVPSFDGLFVEGHNAMPDKAQEIKENAVARAKDLAHTF,FMN dependent NADH:quinone oxidoreductase
A0A1W6D7D8_HALEL,MTTRVLVLTSSILDGNSLALAEHFKTQLAGRDDVAITTRNLIADELPHLGLPELSSWQVPAGERTTEQRELAARSDALIDELQAHDVLVLAVPLYNLGIPSQMKAWFDRILRAGVTFRYTENGPQGLVEGKRAMILAARGGQYAGTELDSQTPHLKHMLGLIGITEVDTVFAEGLAMGEELHEAAMGEARQAIEGLAERL,FMN dependent NADH:quinone oxidoreductase
A0A5P8AMA9_STRSQ,VPRLLHLDSSARTDSFTRRLGAAFVRAWRLNGGGEVTHRDLAIDPPPPISEGWTSLCDTLLREGITEAATDHYAQAVRTEAERRAWAVTEPLLAELLAADVVLIGAPMYNFGVPAALKAWIDQVTFPKMVLAPRRFVVLSARGGAYGPGTPREPFDHQGRYLLDFFHGHYGVEDAEVISAELVNSLSDPGLAGRLPQHLDSAAAALARAVELGTELATVPATTSADRTLAKEG,FMN-dependent NADH-azoreductase (Fragment)
AZO1_STAAU,MKGLIIIGSAQVNSHTSALARYLTEHFKTHDIEAEIFDLAEKPLNQLDFSGTTPSIDEIKQNMKDLKEKAMAADFLILGTPNYHGSYSGILKNALDHLNMDYFKMKPVGLIGNSGGIVSSEPLSHLRVIVRSLLGIAVPTQIATHDSDFAKNEDGSYYLNDSEFQLRARLFVDQIVSFVNNSPYEHLK,FMN-dependent NADPH-azoreductase
AZOR_ENTFA,MSKLLVVKAHPLTKEESRSVRALETFLASYRETNPSDEIEILDVYAPETNMPEIDEELLSAWGALRAGAAFETLSENQQQKVARFNELTDQFLSADKVVIANPMWNLNVPTRLKAWVDTINVAGKTFQYTAEGPKPLTSGKKALHIQSNGGFYEGKDFASQYIKAILNFIGVDQVDGLFIEGIDHFPDRAEELLNTAMTKATEYGKTF,FMN-dependent NADH:quinone oxidoreductase
AZOR_GEOSE,MTNVLYITAHPHDDTQSYSMAVGKAFIDTYKQVHPDHEVIHLDLYKEYIPEIDVDVFSGWGKLRSGKSFEELSDEEKAKVGRMNELCEQFISADKYVFVTPMWNFSFPPVLKAYIDAVAVAGKTFKYTEQGPVGLLTDKKALHIQARGGFYSEGPAAEMEMGHRYLSVIMQFFGVPSFEGLFVEGHAAVPEKAEEIKANAIARAKDLAHTF,FMN-dependent NADH:quinone oxidoreductase
AZOR1_PSEPK,MKLLHIDSSILGDNSASRQLSREVVEAWKAADPSVEVVYRDLAADAIAHFSAATLVAAGTPEDVRDAAQAFEAKLSAETLEEFLAADAVVIGAPMYNFTVPTQLKAWIDRVAVAGKTFRYTEAGPQGLCGNKKVVLVSTAGGLHAGQPTGAGHEDFLKVFLGFIGITDLEIVRAHGLAYGPEQRSQAIDAAQAQIASELFAAA,FMN-dependent NADH:quinone oxidoreductase
AZRB_BACOY,MKLVVINGTPRKFGRTRVVAKYIADQFEGELYDLAIEELPLYNGEESQRDLEAVKKLKTLVKAADGVVLCTPEYHNAMSGALKNSLDYLSSSEFIHKPVALLAVAGGGKGGINALNSMHASLAGVYANAIPKQVVLDGLHVQDGELGEDAKPLIHDVVKELKAYMSVYKEVKKQLGVE,NADPH azoreductase
B3VPZ9_BACAM,MMSILVISGTPRKNGRTRIAASYIRDRFHTDFIDLSESELPLYNGEEEQNELPSVQALRRQVKKSAAVVLLSPEYHSGMSGALKNAIDFLSSDHWAYKPVAIIAAAGGGKGGMNALANMRTVMRGVYANVIPKQLVLDPIHIDMERRTVSEDMAVSLKDMIEELNMFTNIRNPGV,Azoreductase
C0STY0_9BACI,MSKVLFVKANDRPAEQAVSSKMYETFVSTYKEANPNTEITELDLFALDLPYYGNIAISGGYKRSQGMELTAEEEKAVATVDQYLNQFLEADKVVFAFPLWNFTVPAPLITYISYLSQAGKTFKYTANGPEGLVGGKKVVVLGARGSDYSSEQMAPMEMAVNYVTTVLGFWGITNPETVVIEGHNQYPDRSQQIVEEGLENVKKVAAKF,FMN dependent NADH:quinone oxidoreductase
NQRED_PSEAE,MGVFRTRFTETFGVEHPIMQGGMQWVGRAEMAAAVANAGGLATLSALTQPSPEALAAEIARCRELTDRPFGVNLTLLPTQKPVPYAEYRAAIIEAGIRVVETAGNDPGEHIAEFRRHGVKVIHKCTAVRHALKAERLGVDAVSIDGFECAGHPGEDDIPGLVLLPAAANRLRVPIIASGGFADGRGLVAALALGADAINMGTRFLATRECPIHPAVKAAIRAADERSTDLIMRSLRNTARVARNAISQEVLAIEARGGAGYADIAALVSGQRGRQVYQQGDTDLGIWSAGMVQGLIDDEPACAELLRDIVEQARQLVRQRLEGMLAGV,NADH:quinone reductase
Q0WXX2_9BACI,MATVLFVKANNRPAEQAVSVKLYEAFLANYKEAHPNDTVVELDLYKEELPYVGVDMINGTFKAGKGFDLTEEEAKAVAVADKYLNQFLEADKVVFGFPLWNLTIPAVLHTYIDYLNRAGKTFKYTPEGPVGLIGDKKIALLNARGGVYSEGPAAEVEMAVKYVASMMGFFGATNMETVIIEGHNQFPDKAEEIIAAGLEEAAKVASKF,FMN dependent NADH:quinone oxidoreductase
Q6YAN1_9BURK,MNIAIIGATGNVGSRLVNEALGRGHHVTAIARHASRLAARPGLDTLDIDLADGATVAGACAARTPPSAASASPRRPLPPSSAPSGRRPAAAAGGGRRGQLEVAPGAAGGHAHVPGRVQARGAGGRDWLNALRTEKDLDWTFLSPSAVRAGRAHGHVPPGREYAADRGGRPGWISMEDFAIAMLDEVEKPAHTGRRFTVGY,Aerobic azoreductase
Q9I5R1_PSEAE,MSLPALLDQRLRLPMVAAPMFLVSNPQLVLACCRSGIVGSFPALNQRESSGFEGWLEEIGAGLQALDNPAPYAVNLIVHNTNPRLQADLRICVEHRVPIVITSLGAVREVVDAVHSYGGLVFHDVTTRRHAEKAAEAGVDGLIAVAAGAGGHAGTWSPFALVAEIRQFFDKTLLLAGCINHGHEILAAQMLGADLAYLGTRFIATRESNASDAYKQMILEARAADIVHTPAVSGVPASFMRQSLEAAGYDLKRLTDKADMNYGEKLKPVNDEAKAWKTVWSAGQGAGNIDDLPGVDELVARLDREYRDALRNMDSLANRWPR,Nitronate monooxygenase domain-containing protein
U6C3Q1_BRELA,MAKVLYITANPNSVEDSFGLSVGQTFVDAYRQANPQDEVVRVDLFKEDIPMIDGTVLDAWNKLRQGTAFGDLSPEAQAKVGRMGEVLDQFLEADRYVFVTPMWNLSFPPVVKAYIDNVLIAGKTFKYTEAGPAGLLNGKKVLHIQARGGMYSEGPAVDFEFGDKYLKAVMNFIGITDYETLAVEGMNALPAEAENIKAKAKERAVEIAKTFGK,FMN dependent NADH:quinone oxidoreductase
WP_083006391.1,MTIRALLVTSSILGENGQSNALANHFKAKTEAHDVVVTHRDVVANALPHLAIEELGAWQTPANERNADQQALAAHSDELLAELRASDVLVLAVPLYNLGIPSQLKAWFDRVLRAGETFRYTENGPQGLIEGKRAIILAARGGQYAGTELDSQTPHLKAMLGLMGISDVDVVFAEGLNTGDAQRDAALKEAFQAIDQLVERL,FMN-dependent NADH-azoreductase